{
    "name":"IcosphereGeometry",
    "faces":[34,3,0,1,0,0,0,0,34,0,3,2,0,1,1,1,34,2,1,0,0,2,2,2,34,2,3,1,0,3,3,3],
    "colors":[],
    "vertices":[0.032135,0.661336,8.4e-05,-0.200579,0.343682,0.326595,-0.20434,0.343682,-0.349335,0.41565,0.343682,-0.002435],
    "uvs":[],
    "materials":[{
        "specularCoef":50,
        "DbgColor":15658734,
        "colorEmissive":[0,0,0],
        "depthTest":true,
        "DbgName":"Material.001",
        "vertexColors":false,
        "DbgIndex":0,
        "shading":"phong",
        "opacity":1,
        "visible":true,
        "transparent":false,
        "wireframe":false,
        "depthWrite":true,
        "colorSpecular":[0.5,0.5,0.5],
        "blending":"NormalBlending"
    }],
    "metadata":{
        "faces":4,
        "materials":1,
        "version":3,
        "generator":"io_three",
        "type":"Geometry",
        "uvs":0,
        "colors":0,
        "vertices":4,
        "normals":4
    },
    "normals":[0.410662,0.769117,-0.48971,0.41936,-0.749491,-0.51225,-0.804478,0.004477,-0.593965,-0,0,1]
}