{
    "normals":[-0,0,1,0.466992,0.380656,0.798135,0,0,1,0,0,1,-0,0,1,0.962334,0.222018,0.15691,0.303583,0.811236,0.499734,-0.920781,0.3239,0.217372,-0.807662,-0.555882,0.196668,0.71375,-0.541344,0.444418,0.814536,0.552702,-0.176214,-0.329487,0.930304,0.161162,-0.972533,-0.128276,-0.194231,-0.181049,-0.971823,-0.150935,0.644416,-0.584354,0.493212,0.326184,0.649605,-0.686744,-0.363098,0.510185,-0.779661,-0.57859,-0.067201,-0.812845,0.186417,-0.567383,-0.802076,0.531657,-0.089862,-0.842179,0.344995,-0.132961,-0.929139,0.385116,-0.159625,-0.908958,0.34573,-0.510127,-0.787554,0.169124,-0.195218,-0.966068,0.100432,-0.500263,-0.860029,-0.441542,-0.514396,-0.735144,-0.215731,0.097744,-0.971548,-0.519762,0.035654,-0.853567,-0.581221,0.188129,-0.7917,-0.057159,0.316288,-0.94694,-0.085076,0.37667,-0.922432,0.277645,0.671549,-0.686975,0.288099,0.274046,-0.91755,0.377245,0.366154,-0.850657,0.424774,0.331789,-0.842308,0.885216,-0.276682,-0.373951,0.774069,-0.596617,-0.211816,0.618251,-0.716126,-0.323929,-0.002544,-0.997771,-0.066676,-0.201377,-0.979483,-0.007711,-0.606591,-0.720243,-0.336596,-0.941328,-0.277193,-0.192522,-0.986972,-0.124687,-0.101685,-0.915911,0.248369,-0.315308,-0.383939,0.676677,-0.628251,-0.239253,0.823167,-0.514931,0.260652,0.692346,-0.672843,0.416729,0.756886,-0.503449,0.823737,0.554971,-0.11604,0.841269,0.521135,-0.143823,0.158116,-0.985701,0.058248,0.157554,-0.986925,0.034008,0.135927,-0.98986,0.041256,-0.891595,-0.438207,-0.11416,-0.871063,-0.465622,0.156351,-0.787075,-0.616552,0.019395,-0.897308,0.360315,-0.254975,-0.889113,0.422402,0.176224,-0.574095,0.707945,0.411375,0.478942,0.656462,-0.582814,0.528251,0.74172,0.413282,0.144492,0.964454,0.221249,0.994353,0.104901,-0.01607,0.981568,0.135198,0.135078,0.649902,-0.554183,0.520105,0.703803,-0.418087,0.574339,0.064193,-0.199181,0.977858,-0.193805,-0.398786,0.896331,-0.473211,-0.293539,0.830606,-0.498505,-0.236982,0.833866,-0.433565,-0.2681,0.860316,-0.536738,0.158899,0.828652,-0.425852,0.265624,0.864924,-0.395775,0.492647,0.775023,0.561537,-0.563326,0.606086,0.295924,-0.007614,0.955181,-0,0,1,0.107039,0.547957,0.82963,0.139235,0.511056,0.848195,0.266408,0.548855,0.792329],
    "faces":[34,0,13,12,0,0,0,0,34,1,13,15,0,1,1,1,34,0,12,17,0,2,2,2,34,0,17,19,0,3,3,3,34,0,19,16,0,4,4,4,34,1,15,22,0,5,5,5,34,2,14,24,0,6,6,6,34,3,18,26,0,7,7,7,34,4,20,28,0,8,8,8,34,5,21,30,0,9,9,9,34,1,22,25,0,10,10,10,34,2,24,27,0,11,11,11,34,3,26,29,0,12,12,12,34,4,28,31,0,13,13,13,34,5,30,23,0,14,14,14,34,6,32,37,0,15,15,15,34,7,33,39,0,16,16,16,34,8,34,40,0,17,17,17,34,9,35,41,0,18,18,18,34,10,36,38,0,19,19,19,34,38,41,11,0,20,20,20,34,38,36,41,0,21,21,21,34,36,9,41,0,22,22,22,34,41,40,11,0,23,23,23,34,41,35,40,0,24,24,24,34,35,8,40,0,25,25,25,34,40,39,11,0,26,26,26,34,40,34,39,0,27,27,27,34,34,7,39,0,28,28,28,34,39,37,11,0,29,29,29,34,39,33,37,0,30,30,30,34,33,6,37,0,31,31,31,34,37,38,11,0,32,32,32,34,37,32,38,0,33,33,33,34,32,10,38,0,34,34,34,34,23,36,10,0,35,35,35,34,23,30,36,0,36,36,36,34,30,9,36,0,37,37,37,34,31,35,9,0,38,38,38,34,31,28,35,0,39,39,39,34,28,8,35,0,40,40,40,34,29,34,8,0,41,41,41,34,29,26,34,0,42,42,42,34,26,7,34,0,43,43,43,34,27,33,7,0,44,44,44,34,27,24,33,0,45,45,45,34,24,6,33,0,46,46,46,34,25,32,6,0,47,47,47,34,25,22,32,0,48,48,48,34,22,10,32,0,49,49,49,34,30,31,9,0,50,50,50,34,30,21,31,0,51,51,51,34,21,4,31,0,52,52,52,34,28,29,8,0,53,53,53,34,28,20,29,0,54,54,54,34,20,3,29,0,55,55,55,34,26,27,7,0,56,56,56,34,26,18,27,0,57,57,57,34,18,2,27,0,58,58,58,34,24,25,6,0,59,59,59,34,24,14,25,0,60,60,60,34,14,1,25,0,61,61,61,34,22,23,10,0,62,62,62,34,22,15,23,0,63,63,63,34,15,5,23,0,64,64,64,34,16,21,5,0,65,65,65,34,16,19,21,0,66,66,66,34,19,4,21,0,67,67,67,34,19,20,4,0,68,68,68,34,19,17,20,0,69,69,69,34,17,3,20,0,70,70,70,34,17,18,3,0,71,71,71,34,17,12,18,0,72,72,72,34,12,2,18,0,73,73,73,34,15,16,5,0,74,74,74,34,15,13,16,0,75,75,75,34,13,0,16,0,76,76,76,34,12,14,2,0,77,77,77,34,12,13,14,0,78,78,78,34,13,1,14,0,79,79,79],
    "uvs":[],
    "materials":[{
        "transparent":false,
        "shading":"phong",
        "visible":true,
        "depthTest":true,
        "specularCoef":50,
        "DbgIndex":0,
        "blending":"NormalBlending",
        "opacity":1,
        "depthWrite":true,
        "colorEmissive":[0,0,0],
        "wireframe":false,
        "vertexColors":false,
        "DbgColor":15658734,
        "DbgName":"Material.001",
        "colorSpecular":[0.5,0.5,0.5]
    }],
    "colors":[],
    "metadata":{
        "faces":80,
        "colors":0,
        "materials":1,
        "normals":80,
        "version":3,
        "uvs":0,
        "type":"Geometry",
        "vertices":42,
        "generator":"io_three"
    },
    "vertices":[0.011283,0.003418,-0.00154,0.380103,0.181953,0.353578,-0.092173,0.150327,0.47976,-0.493027,0.160457,-0.05201,-0.189692,0.133367,-0.458065,0.310956,0.222099,-0.23021,0.099341,0.55604,0.421388,-0.371153,0.616709,0.262801,-0.347499,0.667918,-0.239337,0.136363,0.608388,-0.432994,0.468822,0.60387,0.095726,0.005646,0.820408,0.009436,-0.083474,0.003418,0.255633,0.222828,0.003418,0.172182,0.115785,0.108903,0.376419,0.430728,0.068768,0.054151,0.216095,0.003418,-0.089489,-0.228188,0.003418,0.023627,-0.38785,0.148072,0.238675,-0.122533,0.003418,-0.198624,-0.316122,0.141494,-0.277246,0.06677,0.060902,-0.419828,0.465974,0.421485,0.150658,0.497724,0.36035,-0.140934,0.063893,0.407065,0.579511,0.288002,0.404369,0.418399,-0.473823,0.397916,0.161945,-0.350869,0.440049,0.438327,-0.304195,0.418247,-0.392488,-0.438908,0.381222,-0.128041,0.292603,0.393648,-0.395242,-0.037527,0.383345,-0.447589,0.378968,0.590605,0.244438,-0.081146,0.686489,0.362562,-0.432272,0.629151,0.021618,-0.121254,0.671721,-0.428105,0.348837,0.644516,-0.233217,0.029845,0.73625,0.26577,0.257443,0.731589,0.042106,-0.213677,0.756422,0.161368,-0.157934,0.805677,-0.205178,0.081174,0.756398,-0.241893],
    "name":"IcosphereGeometry"
}