{
    "metadata":{
        "normals":113,
        "materials":1,
        "generator":"io_three",
        "vertices":131,
        "type":"Geometry",
        "version":3,
        "uvs":0,
        "faces":240
    },
    "normals":[0,0,1,0.406476,0.190802,0.89349,-0.048952,0.455275,0.888974,0,0,0.999969,-0.146611,0.225227,0.963195,-0.146275,-0.422285,0.894559,0.271035,-0.35435,0.894955,0.271035,0.35435,0.894955,-0.146275,0.422285,0.894559,-0.146611,-0.225227,0.963195,-0.048952,-0.455275,0.888974,0.406476,-0.190802,0.89349,0.214179,0.788476,-0.576525,0.374035,0.77456,-0.509995,0.086428,0.710868,-0.697958,-0.464248,0.650105,-0.601489,-0.370586,0.709494,-0.599353,-0.39256,0.462813,-0.794763,-0.464248,-0.650105,-0.601489,-0.515244,-0.391797,-0.76223,-0.39256,-0.462813,-0.794763,0.214179,-0.788476,-0.576525,0.04181,-0.810694,-0.583941,0.086428,-0.710868,-0.697958,0.809534,0,-0.587024,0.706168,-0.254646,-0.660634,0.613178,0,-0.789911,0.209021,0,-0.977905,0.08655,-0.2678,-0.959563,-0.000732,0,-0.999969,0.417524,0,-0.908628,0.158483,-0.032472,-0.986816,0.597278,-0.118686,-0.793176,0.007843,-0.445906,-0.895016,0.355388,-0.326121,-0.875942,0.643239,-0.495224,-0.583911,0.374035,-0.77456,-0.509995,-0.131413,-0.133641,-0.982269,-0.062288,-0.393628,-0.917142,0.009766,-0.61391,-0.7893,-0.274575,-0.287118,-0.917661,-0.235298,-0.557421,-0.796167,-0.181249,-0.786798,-0.589984,-0.370586,-0.709494,-0.599353,-0.131413,0.133641,-0.982269,-0.292062,0,-0.956389,-0.408795,-0.153783,-0.899533,-0.274575,0.287118,-0.917661,-0.408795,0.153783,-0.899533,-0.524064,0,-0.85165,-0.515244,0.391797,-0.76223,0.08655,0.2678,-0.959563,-0.062288,0.393628,-0.917142,-0.235298,0.557421,-0.796167,0.007843,0.445906,-0.895016,0.009766,0.61391,-0.7893,-0.181249,0.786798,-0.589984,0.04181,0.810694,-0.583941,0.158483,0.032472,-0.986816,0.355388,0.326121,-0.875942,0.597278,0.118686,-0.793176,0.643239,0.495224,-0.583911,0.706168,0.254677,-0.660634,0.917142,-0.133457,-0.375469,0.938566,-0.258431,0.228645,0.792047,-0.411817,-0.450575,0.777978,-0.590777,0.213721,0.580798,-0.686056,-0.438124,0.467269,-0.845882,0.257088,0.346171,-0.870235,-0.350444,0.105014,-0.954405,-0.279336,0.000793,-0.966948,0.254921,-0.10303,-0.944365,-0.312235,-0.218757,-0.944182,0.246254,-0.320505,-0.88876,-0.327647,-0.412397,-0.870815,0.267556,-0.47026,-0.810358,-0.349467,-0.575549,-0.69573,-0.429701,-0.660787,-0.722526,0.203101,-0.714927,-0.316263,-0.623554,-0.898312,0,0.439314,-0.714927,0.316263,-0.623554,-0.660787,0.722526,0.203101,-0.575549,0.69573,-0.429701,-0.47026,0.810358,-0.349467,-0.412397,0.870815,0.267556,-0.320505,0.88876,-0.327647,-0.218757,0.944182,0.246254,-0.10303,0.944365,-0.312235,0.000793,0.966948,0.254921,0.105014,0.954405,-0.279336,0.346171,0.870235,-0.350444,0.467269,0.845882,0.257088,0.580798,0.686056,-0.438124,0.777978,0.590777,0.213721,0.792047,0.411817,-0.450575,0.938566,0.258431,0.228645,0.917142,0.133457,-0.375469,0.218146,-0.937895,0.269662,0.144505,-0.41203,0.899594,0.048555,-0.443953,0.894711,-0.53151,-0.801599,0.273659,-0.193457,-0.350719,0.916257,-0.232521,-0.303568,0.923978,-0.53151,0.801599,0.273659,-0.232521,0.303568,0.923978,-0.193457,0.350719,0.916257,0.218146,0.937895,0.269662,0.048555,0.443953,0.894711,0.144505,0.41203,0.899594,0.964904,0,0.262581,0.399121,0.042146,0.915922,0.399121,-0.042146,0.915922],
    "materials":[{
        "visible":true,
        "blending":"NormalBlending",
        "specularCoef":50,
        "transparent":false,
        "shading":"phong",
        "colorSpecular":[0.233598,0.5,0.216852],
        "colorDiffuse":[0.045926,0.64,0.070102],
        "DbgIndex":0,
        "depthTest":true,
        "colorEmissive":[0,0,0],
        "wireframe":false,
        "opacity":1,
        "depthWrite":true,
        "DbgColor":15658734,
        "DbgName":"skin"
    }],
    "name":"IcosphereGeometry",
    "uvs":[],
    "vertices":[0.084345,0.000934,0.042895,-0.032215,0.000934,0.069407,-0.104255,0.000934,-0,-0.032215,0.000934,-0.069407,0.084345,0.000934,-0.042895,0.123272,0.171612,0.265579,-0.328774,0.171612,0.164136,-0.328774,0.171612,-0.164136,0.123272,0.171612,-0.265579,0.354323,0.171611,-0,0,0.31954,-0,0.062004,0.000934,0.055623,0.030641,0.000934,0.066009,-0.003454,0.000934,0.070511,0.094733,0.000934,-0.024089,0.099153,0.000934,-0,0.094733,0.000934,0.024089,-0.056412,0.000934,0.058466,-0.080215,0.000934,0.040796,-0.096867,0.000934,0.019489,-0.096867,0.000934,-0.019489,-0.080215,0.000934,-0.040796,-0.056412,0.000934,-0.058466,-0.003454,0.000934,-0.070511,0.030641,0.000934,-0.066009,0.062004,0.000934,-0.055623,0.382065,0.119143,0.046088,0.38941,0.051933,0.096476,0.33257,0.000934,0.124205,0.33257,0.000934,-0.124205,0.38941,0.051933,-0.096476,0.382065,0.119143,-0.046088,0.069228,0.119143,0.29829,0,0.051933,0.312208,-0.062188,0.000934,0.267959,0.275317,0.000934,0.191195,0.262159,0.051933,0.252581,0.194464,0.119143,0.269806,-0.424076,0.119143,0.138264,-0.502868,0.051933,0.096476,-0.461966,0.000934,0.041401,-0.17469,0.000934,0.242371,-0.263697,0.051933,0.252582,-0.310308,0.119143,0.212837,-0.310308,0.119143,-0.212837,-0.263697,0.051933,-0.252581,-0.17469,0.000934,-0.242371,-0.461966,0.000934,-0.041401,-0.502868,0.051933,-0.096476,-0.424076,0.119143,-0.138264,0.194464,0.119143,-0.269806,0.262159,0.051933,-0.252582,0.275317,0.000934,-0.191195,-0.062188,0.000934,-0.267959,0,0.051933,-0.312208,0.069228,0.119143,-0.29829,0.335292,0.186352,0.074572,0.245461,0.214921,0.155033,0.203354,0.211785,0.18884,0.013219,0.186353,0.269805,-0.117243,0.192624,0.25258,-0.237263,0.186353,0.212836,-0.397917,0.186352,0.092176,-0.416116,0.192624,-0,-0.397917,0.186352,-0.092176,-0.237263,0.186353,-0.212836,-0.117243,0.192624,-0.25258,0.013219,0.186353,-0.269805,0.203354,0.211785,-0.18884,0.245461,0.214921,-0.155033,0.335292,0.186352,-0.074572,0.034613,0.310963,0.074572,0.131654,0.258396,0.155033,0.147346,0.232554,0.18884,0.301342,0.227889,-0,0.225744,0.279574,-0,0.112014,0.310963,-0,-0.090621,0.310963,0.046087,-0.189699,0.279574,0.096476,-0.275026,0.22789,0.138263,-0.090621,0.310963,-0.046087,-0.189699,0.279574,-0.096476,-0.275026,0.22789,-0.138263,0.034613,0.310963,-0.074572,0.131654,0.258396,-0.155033,0.147346,0.232554,-0.18884,0.176109,0.264253,-0.118015,0.234522,0.241397,-0.118015,0.210906,0.283328,-0.164137,-0.061638,0.291289,-0.132788,-0.023545,0.245577,-0.214857,-0.161369,0.245577,-0.183509,-0.199461,0.291289,-0,-0.303487,0.245577,-0.05072,-0.303487,0.245577,0.05072,-0.061638,0.291289,0.132788,-0.161369,0.245577,0.183509,-0.023545,0.245577,0.214857,0.176109,0.264253,0.118015,0.210906,0.283328,0.164137,0.234522,0.241397,0.118015,0.35229,0.125899,-0.132789,0.350286,0.051933,-0.18351,0.293496,0.125899,-0.214858,-0.061638,0.125899,-0.296927,-0.137825,0.051933,-0.296927,-0.199463,0.125899,-0.265579,-0.501153,0.125899,-0.050721,-0.596713,0.002589,0,-0.501153,0.125899,0.050721,-0.199463,0.125899,0.265579,-0.137825,0.051933,0.296927,-0.061638,0.125899,0.296927,0.293496,0.125899,0.214858,0.350286,0.051933,0.183511,0.35229,0.125898,0.132789,0.137825,0.051933,-0.296927,0.179181,0.000934,-0.238574,0.055371,0.000934,-0.266734,-0.388695,0.051933,-0.183511,-0.272883,0.000934,-0.193011,-0.386955,0.000934,-0.119287,-0.388695,0.051933,0.183511,-0.386956,0.000934,0.119287,-0.272883,0.000934,0.193011,0.137825,0.051933,0.296927,0.055371,0.000934,0.266734,0.179181,0.000934,0.238574,0.40141,0.051933,-0,0.347138,0.000934,0.045563,0.347138,0.000934,-0.045563],